nucleus_id,Mean_normalized_w1405-0001,Mean_normalized_w1405-0002,Mean_normalized_w1405-0003,Mean_normalized_w1405-0004,Median_normalized_w1405-0001,Median_normalized_w1405-0002,Median_normalized_w1405-0003,Median_normalized_w1405-0004,Area_w1405-0001,Area_w1405-0002,Area_w1405-0003,Area_w1405-0004,total_intensity_w1405-0001,total_intensity_w1405-0002,total_intensity_w1405-0003,total_intensity_w1405-0004,Skew_w1405-0001,Skew_w1405-0002,Skew_w1405-0003,Skew_w1405-0004,Kurt_w1405-0001,Kurt_w1405-0002,Kurt_w1405-0003,Kurt_w1405-0004,ratio_RNAPII_to_DNA,cell_cycle,ratio_RNAPII_to_DNA_MvsI,RNAPII_abs_MvsI
MAX_IF43b-2_008_thumb0009-0880,94.295,352.871,43.542,188.016,96.0,360.0,41.0,173.0,12576.0,12576.0,12576.0,12576.0,1185853.92,4437705.696,547584.192,2364489.216,-0.149,0.311,0.33,1.374,-0.987,-0.101,-0.723,1.842,3.742202661859059,M,0.48418975830795596,0.9896544582343678
MAX_IF43b-2_002_thumb0010-0511,76.628,184.063,41.391,162.512,74.0,175.0,44.0,145.0,5835.0,5835.0,5835.0,5835.0,447124.38,1074007.605,241516.485,948257.52,0.11,1.136,-0.032,1.753,-0.923,1.167,-0.386,2.614,2.402033199352717,M,0.3107901894507501,0.5162191524551251
MAX_IF43b-2_002_thumb0016-1239,68.369,257.818,13.983,178.605,73.0,275.0,15.0,154.0,11401.0,11401.0,11401.0,11401.0,779474.969,2939383.018,159420.183,2036275.605,-0.281,-0.479,0.132,1.312,-0.993,0.15,-0.537,1.082,3.7709780748584882,M,0.4879129025426094,0.7230708477405857
MAX_IF43b-2_009_thumb0008-0595,124.397,359.127,33.473,215.804,134.0,374.0,29.0,175.0,12316.0,12316.0,12316.0,12316.0,1532073.452,4423008.132,412253.468,2657842.064,-0.218,-0.216,0.491,1.499,-1.287,0.078,-0.886,1.906,2.8869426111562175,M,0.3735308243435037,1.0071999020104623
MAX_IF43b-2_009_thumb0006-0526,81.325,183.573,45.362,167.307,82.0,186.0,45.0,149.0,7173.0,7173.0,7173.0,7173.0,583344.225,1316769.129,325381.626,1200093.111,-0.058,0.54,0.378,2.315,-1.123,0.202,-0.45,6.555,2.257276360282816,M,0.29206063756489375,0.5148449089368569
MAX_IF43b-2_008_thumb0008-0847,93.057,452.799,48.151,202.91,99.0,458.0,46.0,161.0,14250.0,14250.0,14250.0,14250.0,1326062.25,6452385.75,686151.75,2891467.5,-0.283,0.191,0.588,1.69,-1.046,0.16,-0.035,2.643,4.8658241722815045,M,0.6295709887544096,1.2699103894456147
MAX_IF43b-2_008_thumb0012-1144,66.002,183.331,26.285,154.37,68.0,196.0,23.0,144.0,5956.0,5956.0,5956.0,5956.0,393107.912,1091919.436,156553.46,919427.72,-0.143,0.187,1.878,1.657,-1.041,-0.085,4.438,3.43,2.7776582527802187,M,0.3593909255057887,0.5141662009135488
MAX_IF43b-2_008_thumb0013-1230,60.786,138.773,11.23,145.113,64.0,148.0,5.0,135.0,6443.0,6443.0,6443.0,6443.0,391644.198,894114.439,72354.89,934963.059,-0.285,0.299,1.355,1.998,-1.063,0.742,2.137,4.965,2.2829763432369297,M,0.29538586328339855,0.38919978726661564
MAX_IF43b-2_010_thumb0006-0740,87.446,333.293,35.628,183.152,85.0,347.0,32.0,161.0,15200.0,15200.0,15200.0,15200.0,1329179.2,5066053.6,541545.6,2783910.4,0.05,0.129,0.522,1.777,-1.234,-0.43,-0.123,3.426,3.811415044713309,M,0.4931448924773782,0.934746418233029
MAX_IF43b-2_010_thumb0005-0635,117.153,347.149,35.941,210.402,125.0,364.0,30.0,177.0,8677.0,8677.0,8677.0,8677.0,1016536.581,3012211.873,311860.057,1825658.154,-0.176,-0.048,0.566,1.871,-1.174,-0.384,-0.743,3.706,2.963210502505271,M,0.3833988446555331,0.973606659435325
MAX_IF43b-2_010_thumb0004-0586,128.27,354.183,30.025,186.519,137.0,372.0,27.0,162.0,4175.0,4175.0,4175.0,4175.0,535527.25,1478714.025,125354.375,778716.825,-0.284,-0.214,0.536,2.183,-1.277,-0.07,-0.494,5.369,2.7612302175099397,M,0.357265362796943,0.9933340653689964
MAX_IF43b-2_005_thumb0002-0384,114.607,474.932,43.1,203.348,117.0,478.0,41.0,166.0,11292.0,11292.0,11292.0,11292.0,1294142.244,5362932.144,486685.2,2296205.616,-0.146,0.498,0.672,1.729,-1.081,0.421,0.252,3.118,4.144005165478549,M,0.5361774978010395,1.3319841277922098
MAX_IF43b-2_001_thumb0006-0559,108.364,417.829,44.833,242.071,111.0,431.0,40.0,212.0,5456.0,5456.0,5456.0,5456.0,591233.984,2279675.024,244608.848,1320739.376,-0.19,0.589,0.285,1.045,-1.245,1.06,-1.181,0.365,3.855791591303385,M,0.4988866096716353,1.171834275499
MAX_IF43b-2_001_thumb0005-0535,120.759,419.682,36.625,219.48,132.0,442.0,35.0,182.0,5066.0,5066.0,5066.0,5066.0,611765.094,2126109.012,185542.25,1111885.68,-0.537,-0.105,0.163,1.294,-0.938,-0.117,-0.955,1.033,3.475368295530768,M,0.44966504679044333,1.1770311596609413
MAX_IF43b-2_011_thumb0004-0526,118.189,458.153,38.219,187.952,118.0,468.0,37.0,157.0,13957.0,13957.0,13957.0,13957.0,1649563.873,6394441.421,533422.583,2623246.064,-0.036,0.21,0.305,1.918,-1.165,-0.427,-0.425,3.751,3.8764436622697547,M,0.5015587047325687,1.2849261033166521
MAX_IF43b-2_006_thumb0011-1085,73.876,433.376,24.579,186.05,78.0,458.0,24.0,157.0,7983.0,7983.0,7983.0,7983.0,589752.108,3459640.608,196214.157,1485237.15,-0.154,-0.219,0.59,1.562,-1.188,-0.309,-0.193,2.207,5.8662623856191445,M,0.7590139881021128,1.215437059128626
MAX_IF43b-2_006_thumb0010-1032,73.665,397.123,22.301,173.969,76.0,410.0,23.0,148.0,5646.0,5646.0,5646.0,5646.0,415912.59,2242156.458,125911.446,982228.974,-0.143,-0.158,0.618,1.601,-1.243,-0.603,-0.009,1.98,5.390931921536685,M,0.6975127378180996,1.1137626708270356
MAX_IF43b-2_003_thumb0005-0307,106.967,318.433,51.404,186.043,107.0,330.0,52.0,155.0,6528.0,6528.0,6528.0,6528.0,698280.576,2078730.624,335565.312,1214488.704,-0.057,0.092,0.097,2.037,-1.422,-0.464,-1.133,3.932,2.9769274636102723,M,0.38517363150763023,0.8930703801075873
MAX_IF43b-2_003_thumb0006-0344,106.829,313.318,51.787,185.796,107.0,326.0,51.0,158.0,6350.0,6350.0,6350.0,6350.0,678364.15,1989569.3,328847.45,1179804.6,-0.145,0.139,0.316,2.322,-1.125,-0.403,-0.824,5.744,2.9328927538402496,M,0.37947614331491,0.8787249605240319
MAX_IF43b-2_006_thumb0008-0675,108.285,324.735,36.994,177.907,123.0,343.0,34.0,164.0,12570.0,12570.0,12570.0,12570.0,1361142.45,4081918.95,465014.58,2236290.99,-0.458,-0.213,0.832,2.055,-1.112,-0.411,0.667,5.598,2.998891813270536,M,0.3880155174540507,0.9107448344996825
MAX_IF43b-2_003_thumb0011-0709,100.687,437.869,29.586,211.743,108.0,442.0,28.0,187.0,7052.0,7052.0,7052.0,7052.0,710044.724,3087852.188,208640.472,1493211.636,-0.494,0.288,0.408,1.82,-0.967,-0.484,-0.703,4.433,4.348813650222969,M,0.5626769099623667,1.2280380308175636
MAX_IF43b-2_006_thumb0001-0135,87.3,407.116,54.698,228.84,93.0,418.0,58.0,193.0,14471.0,14471.0,14471.0,14471.0,1263318.3,5891375.636,791534.758,3311543.64,-0.17,-0.08,-0.076,1.917,-1.022,-0.077,-0.326,4.239,4.663413516609393,M,0.6033818228260878,1.141788824863882
MAX_IF43b-2_012_thumb0012-0717,120.994,402.421,14.941,191.915,128.0,426.0,13.0,180.0,5344.0,5344.0,5344.0,5344.0,646591.936,2150537.824,79844.704,1025593.76,-0.292,-0.118,1.162,0.896,-1.058,-0.305,1.219,0.216,3.3259583119824123,M,0.4303334417546179,1.1286213282959852
MAX_IF43b-2_002_thumb0015-1091,76.087,319.448,27.857,200.051,75.0,334.0,27.0,164.0,11755.0,11755.0,11755.0,11755.0,894402.685,3755111.24,327459.035,2351599.505,0.023,0.006,0.625,2.227,-1.068,-0.166,0.03,7.228,4.198457029453126,M,0.5432228230384948,0.8959170273954287
MAX_IF43b-2_012_thumb0010-0707,117.909,446.143,31.502,185.721,125.0,454.0,30.0,164.0,5260.0,5260.0,5260.0,5260.0,620201.34,2346712.18,165700.52,976892.46,-0.24,0.503,0.351,1.639,-0.985,-0.289,-0.758,2.637,3.78379088958434,M,0.4895707052395571,1.251243114226036
MAX_IF43b-2_002_thumb0009-0436,84.565,215.005,47.028,162.149,84.0,220.0,46.0,145.0,6225.0,6225.0,6225.0,6225.0,526417.125,1338406.125,292749.3,1009377.525,-0.094,0.613,0.493,2.001,-1.098,0.405,-0.377,4.192,2.5424821143499083,M,0.3289623549778094,0.6029984237658529
MAX_IF43b-2_007_thumb0012-0765,102.883,226.185,34.879,194.066,103.0,244.0,30.0,165.0,11822.0,11822.0,11822.0,11822.0,1216282.826,2673959.07,412339.538,2294248.252,-0.07,-0.438,1.693,1.795,-1.354,0.711,3.503,3.894,2.1984681628646134,M,0.2844516624592268,0.6343536126112389
MAX_IF43b-2_004_thumb0006-0514,91.731,436.541,57.171,212.373,94.0,441.0,57.0,177.0,7249.0,7249.0,7249.0,7249.0,664958.019,3164485.709,414432.579,1539491.877,-0.258,0.183,-0.014,1.378,-1.123,-0.499,-1.184,1.384,4.7589255540656925,M,0.6157397720100831,1.2243135504251956
MAX_IF43b-2_004_thumb0013-1016,70.187,178.418,39.434,166.766,72.0,174.0,38.0,148.0,4511.0,4511.0,4511.0,4511.0,316613.557,804843.598,177886.774,752281.426,-0.094,0.982,0.171,2.582,-1.026,0.662,-0.358,8.118,2.5420376992890423,M,0.32890485375717743,0.500387306208953
MAX_IF43b-2_002_thumb0005-0189,93.551,184.513,53.359,178.578,94.0,168.0,49.0,154.0,5889.0,5889.0,5889.0,5889.0,550921.839,1086597.057,314231.151,1051645.842,-0.131,1.392,0.781,2.138,-1.116,1.978,0.264,5.338,1.9723252557428568,M,0.2551918683122294,0.5174812128290449
MAX_IF43b-2_015_thumb0006-0839,63.439,143.69,-2.651,157.448,63.0,156.0,-3.0,140.0,7125.0,7125.0,7125.0,7125.0,452002.875,1023791.25,-18888.375,1121817.0,0.081,-0.01,0.666,1.457,-1.1,-0.313,-0.362,1.694,2.265010482510758,M,0.29306132702793075,0.40298990028564635
MAX_IF43b-2_007_thumb0019-1305,60.597,179.472,12.845,147.525,64.0,197.0,13.0,138.0,6182.0,6182.0,6182.0,6182.0,374610.654,1109495.904,79407.79,911999.55,-0.271,-0.093,0.45,2.198,-1.112,-0.647,-0.576,5.052,2.9617307787514235,M,0.3832073886731941,0.5033433320625341
MAX_IF43b-2_002_thumb0004-0129,96.391,187.981,48.604,178.289,103.0,170.0,49.0,150.0,5554.0,5554.0,5554.0,5554.0,535355.614,1044046.474,269946.616,990217.106,-0.453,1.395,0.329,1.571,-0.907,2.206,-0.489,1.664,1.9501924453527817,M,0.2523281858551915,0.5272074914440538
MAX_IF43b-2_007_thumb0017-1269,62.74,166.775,8.982,153.078,65.0,179.0,10.0,139.0,5628.0,5628.0,5628.0,5628.0,353100.72,938609.7,50550.696,861522.984,-0.165,0.21,0.284,1.519,-1.06,-0.603,-0.638,1.667,2.6581925406439275,M,0.3439336989704886,0.46773359746773385
MAX_IF43b-2_007_thumb0005-0241,98.681,522.522,36.601,177.905,100.0,543.0,39.0,149.0,5353.0,5353.0,5353.0,5353.0,528239.393,2797060.266,195925.153,952325.465,0.052,-0.03,0.088,2.05,-0.988,-0.765,0.92,4.39,5.295061866012708,M,0.6851084660007992,1.4654540237807538
MAX_IF43b-2_015_thumb0005-0831,62.868,159.519,5.597,159.253,61.0,172.0,8.0,142.0,5881.0,5881.0,5881.0,5881.0,369726.708,938131.239,32915.957,936566.893,0.061,-0.025,-0.204,1.679,-1.184,-0.002,-0.069,2.457,2.5373640007635045,M,0.328300141195095,0.4473835750829287
MAX_IF43b-2_007_thumb0003-0188,97.815,549.879,44.123,185.987,89.0,555.0,43.0,150.0,5510.0,5510.0,5510.0,5510.0,538960.65,3029833.29,243117.73,1024788.37,0.35,0.335,1.269,1.99,-1.077,-0.396,2.312,3.776,5.621622450544395,M,0.7273609319371984,1.5421788807792536
MAX_IF43b-2_004_thumb0008-0664,98.495,316.075,43.365,181.552,99.0,323.0,41.0,152.0,13039.0,13039.0,13039.0,13039.0,1284276.305,4121301.925,565436.235,2367256.528,-0.089,0.083,0.254,2.47,-1.129,-0.092,-0.71,6.238,3.2090461444743386,M,0.4152066089120396,0.8864571837482474
MAX_IF43b-2_001_thumb0004-0474,93.405,456.394,44.831,221.416,100.0,464.0,45.0,182.0,10952.0,10952.0,10952.0,10952.0,1022971.56,4998427.088,490989.112,2424948.032,-0.451,0.369,0.023,1.318,-0.696,0.083,-0.111,1.098,4.886183823135807,I,0.6322052486588376,1.27999284954393
MAX_IF43b-2_004_thumb0005-0556,51.025,402.993,31.976,162.649,49.0,409.0,30.0,141.0,32504.0,32504.0,32504.0,32504.0,1658516.6,13098884.472,1039347.904,5286743.096,0.468,0.172,1.964,4.572,0.355,-0.617,10.221,26.988,7.897951984321411,I,1.0218867891341505,1.1302255472601677
MAX_IF43b-2_004_thumb0004-0264,57.504,497.398,39.359,182.355,58.0,496.0,35.0,145.0,19580.0,19580.0,19580.0,19580.0,1125928.32,9739052.84,770649.22,3570510.9,-0.376,0.198,3.783,3.697,0.158,-0.781,21.389,17.554,8.649798274902617,I,1.1191653992510064,1.3949917908155052
MAX_IF43b-2_001_thumb0007-0691,40.752,386.972,14.301,159.633,39.0,405.0,13.0,139.0,26329.0,26329.0,26329.0,26329.0,1072959.408,10188585.788,376531.029,4202977.257,1.152,-0.067,2.338,5.69,1.844,-0.592,13.382,49.633,9.495779348252846,I,1.2286237606629624,1.0852933933700128
MAX_IF43b-2_001_thumb0003-0385,51.654,443.373,37.797,177.988,50.0,456.0,33.0,150.0,22216.0,22216.0,22216.0,22216.0,1147545.264,9849974.568,839698.152,3954181.408,0.549,0.174,2.465,3.729,0.226,-0.659,10.328,17.636,8.583517249390173,I,1.110589542563616,1.2434744314799073
MAX_IF43b-2_001_thumb0002-0218,61.762,546.999,33.066,199.132,61.0,543.0,30.0,150.0,15867.0,15867.0,15867.0,15867.0,979977.654,8679233.133,524658.222,3159627.444,0.203,0.204,2.705,3.787,-0.208,-0.71,14.648,17.88,8.856562287490691,I,1.145917829925637,1.5341016943861667
MAX_IF43b-2_001_thumb0001-0180,58.031,658.811,60.962,208.202,58.0,683.0,58.0,180.0,15896.0,15896.0,15896.0,15896.0,922460.776,10472459.656,969051.952,3309578.992,0.156,-0.029,1.175,2.736,-0.353,-1.066,3.027,8.493,11.352742499698438,I,1.468889353077071,1.847687237783332
MAX_IF43b-2_006_thumb0013-1192,31.423,296.424,2.374,154.778,31.0,304.0,3.0,134.0,21049.0,21049.0,21049.0,21049.0,661422.727,6239428.776,49970.326,3257922.122,0.15,0.116,3.329,3.993,-0.007,-0.742,25.427,19.957,9.433345002068549,I,1.2205456115832243,0.8313444095084727
MAX_IF43b-2_006_thumb0012-1147,25.242,259.328,4.689,158.444,25.0,280.0,7.0,142.0,15142.0,15142.0,15142.0,15142.0,382214.364,3926744.576,71000.838,2399159.048,0.459,-0.013,-0.155,3.59,0.068,-0.574,-0.353,17.448,10.273670866016955,I,1.3292722663718706,0.7273057614397389
MAX_IF43b-2_001_thumb0008-0818,38.882,407.789,13.278,151.131,39.0,418.0,11.0,129.0,7297.0,7297.0,7297.0,7297.0,283721.954,2975636.333,96889.566,1102802.907,0.348,-0.071,2.291,4.857,-0.495,-0.696,11.422,26.96,10.487860706753768,I,1.3569854974791502,1.1436763062675444
MAX_IF43b-2_006_thumb0009-0958,29.069,252.747,4.254,140.304,28.0,270.0,5.0,131.0,18757.0,18757.0,18757.0,18757.0,545247.233,4740775.479,79792.278,2631682.128,0.676,-0.232,2.492,4.589,0.232,-0.51,13.419,28.208,8.694726340775397,I,1.1249784754849317,0.7088488296158136
MAX_IF43b-2_004_thumb0009-0799,43.112,425.681,18.677,161.802,41.0,436.0,19.0,136.0,32318.0,32318.0,32318.0,32318.0,1393293.616,13757158.558,603603.286,5229117.036,0.8,0.105,-0.047,4.626,0.799,-0.725,0.016,26.703,9.873840230098347,I,1.2775396595457684,1.193855826734597
MAX_IF43b-2_004_thumb0010-0947,74.323,168.888,40.708,166.404,80.0,165.0,39.0,148.0,6512.0,6512.0,6512.0,6512.0,483991.376,1099798.656,265090.496,1083622.848,-0.55,0.586,0.708,1.839,-0.852,-0.421,0.939,3.104,2.2723517619041216,I,0.294011188009906,0.47365967206793963
MAX_IF43b-2_001_thumb0010-1005,80.528,329.013,36.73,177.391,85.0,342.0,36.0,157.0,12269.0,12269.0,12269.0,12269.0,987998.032,4036660.497,450640.37,2176410.179,-0.5,0.273,0.057,1.596,-0.404,-0.413,-0.658,2.846,4.085696900456983,I,0.528633207098696,0.9227428217877469
MAX_IF43b-2_004_thumb0011-1059,29.816,372.122,21.459,154.142,29.0,378.0,21.0,136.0,29522.0,29522.0,29522.0,29522.0,880227.952,10985785.684,633512.598,4550580.124,0.344,0.101,1.661,5.544,-0.176,-0.671,8.091,43.314,12.480614435202577,I,1.6148205303005891,1.0436454010306584
MAX_IF43b-2_006_thumb0007-0581,27.184,322.36,28.423,160.051,27.0,349.0,28.0,138.0,19666.0,19666.0,19666.0,19666.0,534600.544,6339531.76,558966.718,3147562.966,0.327,-0.093,2.898,3.697,0.071,-0.821,15.366,16.916,11.858446144791053,I,1.534320476887775,0.9040839603039945
MAX_IF43b-2_006_thumb0006-0556,63.726,487.233,28.481,180.031,66.0,490.0,29.0,143.0,15968.0,15968.0,15968.0,15968.0,1017576.768,7780136.544,454784.608,2874735.008,-0.444,0.2,2.363,4.713,0.265,-0.767,11.585,31.211,7.645748987854251,I,0.9892551764348767,1.3664832492579604
MAX_IF43b-2_006_thumb0005-0432,46.866,428.079,30.601,173.341,47.0,427.0,31.0,139.0,16848.0,16848.0,16848.0,16848.0,789598.368,7212274.992,515565.648,2920449.168,-0.208,0.237,3.053,4.243,-0.102,-0.891,21.806,22.845,9.134105748303675,I,1.1818281515607119,1.2005812062382852
MAX_IF43b-2_006_thumb0004-0423,30.811,306.003,35.05,154.685,31.0,321.0,34.0,134.0,20291.0,20291.0,20291.0,20291.0,625186.001,6209106.873,711199.55,3138713.335,0.086,0.02,2.019,4.538,0.611,-0.914,6.67,30.405,9.931615332186556,I,1.2850149662685773,0.8582094680013128
MAX_IF43b-2_006_thumb0003-0380,41.16,418.685,28.773,167.289,41.0,457.0,30.0,139.0,18195.0,18195.0,18195.0,18195.0,748906.2,7617973.575,523524.735,3043823.355,0.013,-0.174,1.595,4.194,0.037,-1.026,8.447,25.49,10.172133138969874,I,1.316134675503491,1.1742349947880566
MAX_IF43b-2_006_thumb0002-0362,41.857,366.953,22.815,164.257,40.0,370.0,24.0,134.0,36872.0,36872.0,36872.0,36872.0,1543351.304,13530291.016,841234.68,6056484.104,0.848,0.27,1.811,8.227,1.054,-0.425,13.359,87.67,8.766825142747926,I,1.1343070727458908,1.0291485342022324
MAX_IF43b-2_012_thumb0017-1096,35.891,212.215,-2.696,145.935,36.0,221.0,-2.0,132.0,5935.0,5935.0,5935.0,5935.0,213013.085,1259496.025,-16000.76,866124.225,0.408,0.107,2.52,4.615,0.41,-0.903,9.758,27.523,5.912763645482155,I,0.7650306140864739,0.5951736494475499
MAX_IF43b-2_012_thumb0014-0770,41.201,280.976,-9.121,157.097,39.0,292.0,-8.0,134.0,9400.0,9400.0,9400.0,9400.0,387289.4,2641174.4,-85737.4,1476711.8,1.067,0.456,1.683,3.72,1.043,-0.188,4.271,18.822,6.819640299992718,I,0.8823680294643093,0.7880192791611091
MAX_IF43b-2_012_thumb0013-0726,47.681,272.036,-0.827,148.373,45.0,288.0,0.0,130.0,6752.0,6752.0,6752.0,6752.0,321942.112,1836787.072,-5583.904,1001814.496,0.53,0.285,0.863,4.26,-0.732,-0.562,0.491,24.168,5.705333361296953,I,0.7381919769947326,0.7629463463992351
MAX_IF43b-2_012_thumb0011-0749,53.641,320.835,5.598,151.695,53.0,327.0,6.0,133.0,16075.0,16075.0,16075.0,16075.0,862279.075,5157422.625,89987.85,2438497.125,0.367,0.427,1.143,4.171,-0.044,-0.443,1.815,24.569,5.9811524766503235,I,0.7738791919499264,0.8998069779257105
MAX_IF43b-2_001_thumb0009-0837,39.958,512.024,19.371,175.61,40.0,496.0,18.0,138.0,12835.0,12835.0,12835.0,12835.0,512860.93,6571828.04,248626.785,2253954.35,0.681,0.355,0.343,3.649,0.755,-0.518,0.983,15.251,12.81405475749537,I,1.6579631400546184,1.4360115575465084
MAX_IF43b-2_001_thumb0014-1225,59.014,234.121,8.122,142.443,63.0,246.0,6.0,134.0,5155.0,5155.0,5155.0,5155.0,304217.17,1206893.755,41868.91,734293.665,-0.769,0.327,0.517,1.649,-0.167,0.082,-0.091,2.512,3.967211170230793,I,0.5133027767973449,0.6566107484499674
MAX_IF43b-2_001_thumb0011-1141,31.51,389.151,7.88,169.365,31.0,425.0,7.0,136.0,7498.0,7498.0,7498.0,7498.0,236261.98,2917854.198,59084.24,1269898.77,0.454,-0.231,0.12,3.186,-0.508,-0.686,-0.017,11.042,12.350079339892098,I,1.5979310772270647,1.0914045701583936
MAX_IF43b-2_010_thumb0014-1320,24.243,221.247,-19.776,137.249,24.0,241.0,-21.0,127.0,5990.0,5990.0,5990.0,5990.0,145215.57,1325269.53,-118458.24,822121.51,0.671,-0.365,2.742,4.961,-0.027,-0.129,13.145,34.145,9.126222002227449,I,1.180808102821472,0.6205046034414253
MAX_IF43b-2_015_thumb0002-0162,55.383,304.739,56.456,154.122,55.0,318.0,58.0,132.0,26667.0,26667.0,26667.0,26667.0,1476898.461,8126474.913,1505512.152,4109971.374,-0.099,0.129,2.409,4.388,0.932,-0.725,20.996,23.913,5.502392430890345,I,0.7119342007802417,0.8546644806399024
MAX_IF43b-2_015_thumb0001-0138,49.798,256.664,37.468,148.92,48.0,277.0,39.0,132.0,35196.0,35196.0,35196.0,35196.0,1752690.408,9033546.144,1318723.728,5241388.32,0.74,-0.064,1.177,4.796,0.4,-0.705,8.855,29.226,5.154102574400578,I,0.6668702647316482,0.7198343640261335
MAX_IF43b-2_009_thumb0015-1379,25.244,259.094,-19.68,152.909,24.0,271.0,-18.0,132.0,4648.0,4648.0,4648.0,4648.0,117334.112,1204268.912,-91472.64,710721.032,0.497,0.119,0.177,2.923,-0.402,-0.638,-0.099,9.296,10.263587387101886,I,1.3279676023384253,0.7266494900453007
MAX_IF43b-2_015_thumb0004-0687,30.73,244.883,20.298,138.869,30.0,268.0,22.0,127.0,25583.0,25583.0,25583.0,25583.0,786165.59,6264841.789,519283.734,3552685.627,0.763,-0.141,-0.047,4.427,0.799,-0.636,1.086,24.898,7.968857793686951,I,1.0310610294951137,0.6867936234369124
MAX_IF43b-2_009_thumb0014-1082,21.286,274.938,2.409,144.061,21.0,283.0,3.0,128.0,10200.0,10200.0,10200.0,10200.0,217117.2,2804367.6,24571.8,1469422.2,0.006,-0.042,5.027,5.473,0.592,-0.301,48.598,38.9,12.916376961383067,I,1.6712022314792685,0.7710852335217137
MAX_IF43b-2_009_thumb0013-1028,46.557,408.725,11.18,167.131,46.0,439.0,13.0,141.0,20539.0,20539.0,20539.0,20539.0,956234.223,8394802.775,229626.02,3432703.609,-0.008,-0.101,0.386,4.443,0.134,-0.959,2.344,28.839,8.779023562514768,I,1.1358853811520186,1.1463013918452976
MAX_IF43b-2_009_thumb0012-0987,24.153,346.723,-0.16,155.689,24.0,378.0,1.0,135.0,18647.0,18647.0,18647.0,18647.0,450380.991,6465343.781,-2983.52,2903132.783,0.492,-0.159,4.566,3.21,0.078,-0.807,52.018,12.115,14.355276777211943,I,1.8573761555043873,0.9724119089480142
MAX_IF43b-2_009_thumb0011-0779,43.96,455.941,16.18,161.564,44.0,486.0,18.0,134.0,12861.0,12861.0,12861.0,12861.0,565369.56,5863857.201,208090.98,2077874.604,0.416,-0.145,0.82,5.608,0.818,-0.658,5.129,46.538,10.371724294813466,I,1.3419590367796133,1.2787223754341839
MAX_IF43b-2_009_thumb0010-0742,36.755,408.113,14.566,160.349,35.0,443.0,16.0,134.0,10714.0,10714.0,10714.0,10714.0,393793.07,4372522.682,156060.124,1717979.186,0.667,-0.176,-0.142,4.345,0.052,-0.834,0.722,23.432,11.10360495170725,I,1.436654367415615,1.1445849897367666
MAX_IF43b-2_009_thumb0009-0718,41.135,347.505,9.937,157.686,39.0,365.0,12.0,133.0,23632.0,23632.0,23632.0,23632.0,972102.32,8212238.16,234831.184,3726435.552,0.594,0.029,0.184,4.393,-0.301,-0.838,5.495,24.786,8.447915400510514,I,1.0930445209900017,0.974605089420026
MAX_IF43b-2_009_thumb0004-0430,54.075,422.202,31.783,170.381,51.0,443.0,33.0,144.0,25789.0,25789.0,25789.0,25789.0,1394540.175,10888167.378,819651.787,4393955.609,0.779,-0.05,1.165,4.807,0.729,-0.486,4.842,29.149,7.807711511789181,I,1.010210908233764,1.1840986977548922
MAX_IF43b-2_009_thumb0003-0351,43.01,401.06,26.729,163.253,42.0,424.0,28.0,138.0,25482.0,25482.0,25482.0,25482.0,1095980.82,10219810.92,681108.378,4160012.946,0.247,-0.154,0.575,5.811,-0.104,-0.954,6.874,50.709,9.324808184143222,I,1.2065024342389297,1.1248042968095298
MAX_IF43b-2_009_thumb0002-0232,45.491,485.404,39.056,172.911,44.0,494.0,39.0,145.0,28348.0,28348.0,28348.0,28348.0,1289578.868,13760232.592,1107159.488,4901681.028,1.033,0.128,2.709,3.927,1.606,-0.584,15.684,17.125,10.670330395023191,I,1.3805945754059479,1.3613536749826285
MAX_IF43b-2_009_thumb0001-0154,58.679,512.164,33.71,174.329,57.0,532.0,35.0,144.0,24767.0,24767.0,24767.0,24767.0,1453302.793,12684765.788,834895.57,4317606.343,0.361,0.063,1.389,5.261,0.049,-0.768,10.556,40.203,8.728233269142281,I,1.1293138129889524,1.436404198551728
MAX_IF43b-2_010_thumb0011-1213,23.983,206.103,-2.35,137.824,23.0,233.0,-3.0,127.0,7702.0,7702.0,7702.0,7702.0,184717.066,1587405.306,-18099.7,1061520.448,0.925,-0.193,4.178,4.48,1.062,-0.84,32.597,22.703,8.593712212817412,I,1.111908631165659,0.5780320649911098
MAX_IF43b-2_001_thumb0012-1148,31.136,388.712,11.06,169.958,30.0,397.0,10.0,139.0,6688.0,6688.0,6688.0,6688.0,208237.568,2599705.856,73969.28,1136679.104,0.651,0.061,0.075,4.309,-0.28,-1.017,0.88,24.948,12.484326824254882,I,1.615300862586251,1.0901733601491694
MAX_IF43b-2_010_thumb0010-1205,44.104,262.306,-3.733,166.771,43.0,273.0,-5.0,144.0,19120.0,19120.0,19120.0,19120.0,843268.48,5015290.72,-71374.96,3188661.52,0.215,0.199,1.212,3.859,-0.405,-0.54,4.712,19.328,5.9474424088518045,I,0.7695175709863517,0.7356577965364796
MAX_IF43b-2_010_thumb0009-1068,32.614,279.621,-3.09,147.884,32.0,310.0,-6.0,133.0,10027.0,10027.0,10027.0,10027.0,327020.578,2803759.767,-30983.43,1482832.868,0.896,-0.337,2.394,3.592,1.081,-0.419,8.975,14.514,8.573649353038572,I,1.10931277196052,0.7842190751463061
MAX_IF43b-2_012_thumb0008-0619,47.635,335.84,10.262,152.518,46.0,356.0,12.0,133.0,4156.0,4156.0,4156.0,4156.0,197971.06,1395751.04,42648.872,633864.808,1.081,-0.124,1.035,4.637,1.27,-0.856,4.649,28.998,7.050278156817466,I,0.9122094085245129,0.9418896799494152
MAX_IF43b-2_010_thumb0008-1009,27.372,236.255,4.66,145.867,27.0,253.0,4.0,131.0,5083.0,5083.0,5083.0,5083.0,139131.876,1200884.165,23686.78,741441.961,0.414,0.089,0.643,3.573,-0.511,-0.662,2.327,15.182,8.631265526815724,I,1.116767515537109,0.6625957192009561
MAX_IF43b-2_010_thumb0007-1007,28.542,279.078,8.549,145.414,28.0,302.0,9.0,130.0,13710.0,13710.0,13710.0,13710.0,391310.82,3826159.38,117206.79,1993625.94,0.723,-0.038,-0.03,4.722,0.436,-0.438,0.369,29.774,9.777801135169224,I,1.2651135163451899,0.7826961889617761
MAX_IF43b-2_015_thumb0007-0928,44.153,274.013,35.337,153.269,43.0,276.0,37.0,134.0,20475.0,20475.0,20475.0,20475.0,904032.675,5610416.175,723525.075,3138182.775,0.409,0.244,0.919,4.225,0.33,-0.585,3.296,24.801,6.205988268067855,I,0.8029698632315697,0.7684909983086562
MAX_IF43b-2_004_thumb0001-0082,47.35,529.298,50.912,185.429,46.0,533.0,48.0,151.0,16892.0,16892.0,16892.0,16892.0,799836.2,8940901.816,860005.504,3132266.668,0.35,0.159,3.823,4.176,0.481,-0.904,28.772,21.247,11.178416050686378,I,1.4463338987522372,1.4844578484333777
MAX_IF43b-2_004_thumb0002-0162,43.281,461.435,22.336,173.151,42.0,459.0,22.0,137.0,23795.0,23795.0,23795.0,23795.0,1029871.395,10979845.825,531485.12,4120128.045,0.609,0.303,1.539,4.256,0.725,-0.294,14.109,22.968,10.661375661375661,I,1.3794359555469273,1.2941307303104408
MAX_IF43b-2_010_thumb0003-0483,49.324,325.967,34.648,146.358,48.0,323.0,34.0,138.0,8216.0,8216.0,8216.0,8216.0,405245.984,2678144.872,284667.968,1202477.328,0.328,0.281,0.304,3.952,-0.307,-0.993,0.963,20.383,6.608689481793853,I,0.8550738835005969,0.9142000753456141
MAX_IF43b-2_010_thumb0002-0476,56.859,406.696,39.528,144.221,53.0,447.0,39.0,138.0,6906.0,6906.0,6906.0,6906.0,392668.254,2808642.576,272980.368,995990.226,1.71,-0.124,0.186,2.693,4.471,-1.298,0.505,10.252,7.152711092351255,I,0.9254628271072042,1.1406109018482236
MAX_IF43b-2_004_thumb0003-0251,56.156,529.974,46.374,179.906,56.0,519.0,42.0,144.0,16303.0,16303.0,16303.0,16303.0,915511.268,8640166.122,756035.322,2933007.518,-0.058,0.144,4.66,4.301,-0.271,-0.92,39.715,23.899,9.437531163188263,I,1.22108724348399,1.4863537435728664
MAX_IF43b-2_010_thumb0001-0170,69.018,466.728,37.313,179.728,68.0,488.0,36.0,146.0,21741.0,21741.0,21741.0,21741.0,1500520.338,10147133.448,811221.933,3907466.448,0.28,0.062,2.275,5.501,0.36,-0.619,12.668,45.92,6.762409806137529,I,0.8749631875860174,1.3089753648863467
MAX_IF43b-2_015_thumb0003-0363,90.339,277.007,48.319,171.132,93.0,285.0,50.0,149.0,15202.0,15202.0,15202.0,15202.0,1373333.478,4211060.414,734545.438,2601548.664,-0.304,0.378,0.184,1.718,-0.825,0.557,-0.611,2.842,3.0663058036949713,I,0.3967379642800509,0.7768879066631362
MAX_IF43b-2_001_thumb0013-1184,60.963,207.78,11.031,151.326,64.0,229.0,9.0,144.0,5052.0,5052.0,5052.0,5052.0,307985.076,1049704.56,55728.612,764498.952,-0.729,-0.025,0.44,1.297,0.144,-0.911,-0.145,1.612,3.4082968357856402,I,0.4409869187418619,0.5827353433179178
MAX_IF43b-2_007_thumb0001-0126,39.379,371.702,38.678,170.508,39.0,398.0,39.0,150.0,28986.0,28986.0,28986.0,28986.0,1141439.694,10774154.172,1121120.508,4942344.888,0.564,-0.12,2.331,3.474,0.587,-0.605,11.718,14.462,9.439091901775058,I,1.221289181675853,1.0424674780149998
MAX_IF43b-2_003_thumb0014-1123,35.847,320.834,2.911,153.677,35.0,333.0,3.0,138.0,21347.0,21347.0,21347.0,21347.0,765225.909,6848843.398,62141.117,3280542.919,0.6,-0.049,0.931,3.363,0.754,-0.646,4.014,14.361,8.950093452729657,I,1.158019481381579,0.8998041733471018
MAX_IF43b-2_012_thumb0007-0517,105.915,359.438,41.975,180.126,108.0,376.0,44.0,158.0,16109.0,16109.0,16109.0,16109.0,1706184.735,5790186.742,676175.275,2901649.734,-0.082,0.121,0.118,1.715,-0.409,-0.23,-0.377,2.906,3.393645848085729,I,0.4390912816440387,1.0080721259577712
MAX_IF43b-2_013_thumb0008-0724,41.504,116.754,-0.31,135.687,42.0,123.0,9.0,131.0,5918.0,5918.0,5918.0,5918.0,245620.672,690950.172,-1834.58,802995.666,0.502,0.34,0.727,1.65,-0.585,-0.156,-0.051,3.67,2.813078257517348,I,0.36397378888401566,0.32744577088141386
MAX_IF43b-2_013_thumb0001-0093,61.77,290.46,57.326,160.199,64.0,295.0,68.0,135.0,21368.0,21368.0,21368.0,21368.0,1319901.36,6206549.28,1224941.968,3423132.232,-0.264,0.013,0.613,4.334,-0.108,-0.836,1.343,24.64,4.702282661486158,I,0.6084109576870438,0.8146179026861218
MAX_IF43b-2_013_thumb0002-0184,67.124,292.146,52.303,160.298,68.0,304.0,62.0,137.0,25148.0,25148.0,25148.0,25148.0,1688034.352,7346887.608,1315315.844,4031174.104,0.136,0.092,2.301,4.109,0.622,-1.065,15.0,21.719,4.352332995649842,I,0.5631322650474903,0.8193464222204082
MAX_IF43b-2_013_thumb0003-0157,56.819,292.721,54.579,160.516,61.0,285.0,64.0,133.0,7339.0,7339.0,7339.0,7339.0,416994.641,2148279.419,400555.281,1178026.924,-0.323,0.327,0.863,4.39,-0.489,-0.758,1.133,25.177,5.15181541385804,I,0.6665743374902966,0.8209590549204168
MAX_IF43b-2_013_thumb0004-0211,51.629,323.84,46.757,155.326,55.0,339.0,58.0,134.0,10443.0,10443.0,10443.0,10443.0,539161.647,3381861.12,488283.351,1622069.418,-0.449,0.017,0.027,3.942,0.278,-0.696,0.363,19.327,6.272443781595615,I,0.8115682962777512,0.9082347366448863
MAX_IF43b-2_013_thumb0005-0451,32.497,176.26,17.275,141.269,33.0,175.0,29.0,127.0,19187.0,19187.0,19187.0,19187.0,623519.939,3381900.62,331455.425,2710528.303,0.404,0.51,-0.332,3.507,-0.567,-0.126,-0.235,15.214,5.423885281718312,I,0.7017764511825304,0.49433502557135517
MAX_IF43b-2_013_thumb0006-0483,59.502,223.08,30.31,148.436,61.0,234.0,40.0,133.0,23135.0,23135.0,23135.0,23135.0,1376578.77,5160955.8,701221.85,3434066.86,0.208,0.016,6.862,4.734,0.793,-0.759,80.921,32.656,3.749117676716749,I,0.4850844664986068,0.6256453960311921
MAX_IF43b-2_013_thumb0007-0622,45.355,197.881,15.253,140.865,45.0,191.0,26.0,130.0,23169.0,23169.0,23169.0,23169.0,1050829.995,4584704.889,353396.757,3263701.185,0.603,0.538,1.236,4.881,-0.195,-0.047,5.844,39.339,4.362936831661338,I,0.5645042561606046,0.5549728196702901
MAX_IF43b-2_013_thumb0010-0793,32.182,168.118,5.059,137.328,34.0,173.0,15.0,127.0,16795.0,16795.0,16795.0,16795.0,540496.69,2823541.81,84965.905,2306423.76,0.384,0.517,0.672,3.344,-0.427,0.692,1.159,15.786,5.223976135728046,I,0.6759109463377203,0.47150014653923233
MAX_IF43b-2_008_thumb0011-1172,30.699,279.427,-7.524,148.889,29.0,307.0,-8.0,130.0,21407.0,21407.0,21407.0,21407.0,657173.493,5981693.789,-161066.268,3187266.823,0.802,-0.173,2.244,5.72,0.433,-0.679,11.0,48.754,9.102153164598196,I,1.1776939249622025,0.7836749868962163
MAX_IF43b-2_008_thumb0001-0099,53.801,481.982,37.425,181.476,52.0,502.0,35.0,147.0,21531.0,21531.0,21531.0,21531.0,1158389.331,10377554.442,805797.675,3907359.756,0.269,0.018,6.383,3.798,-0.094,-0.808,67.731,16.963,8.958606717347262,I,1.1591209811960124,1.3517564069836203
MAX_IF43b-2_008_thumb0002-0357,42.158,372.981,38.845,183.142,40.0,388.0,36.0,148.0,18814.0,18814.0,18814.0,18814.0,793160.612,7017264.534,730829.83,3445633.588,0.718,-0.002,2.049,3.692,0.407,-0.643,7.825,16.977,8.847217609943545,I,1.144708756668025,1.046054534055541
MAX_IF43b-2_008_thumb0003-0362,66.323,470.556,36.068,178.086,65.0,469.0,32.0,143.0,21587.0,21587.0,21587.0,21587.0,1431714.601,10157892.372,778599.916,3844342.482,0.334,0.068,2.238,5.511,0.519,-0.922,6.178,42.633,7.094914283129533,I,0.917984711778695,1.3197112918004914
MAX_IF43b-2_008_thumb0004-0401,101.834,391.343,76.86,190.145,107.0,404.0,77.0,166.0,16897.0,16897.0,16897.0,16897.0,1720689.098,6612522.671,1298703.42,3212880.065,-0.564,-0.247,0.565,1.884,-0.31,0.836,1.235,4.482,3.8429502916511185,I,0.49722512141543745,1.0975522064686876
MAX_IF43b-2_008_thumb0005-0580,55.833,499.436,32.135,181.195,55.0,490.0,31.0,148.0,18986.0,18986.0,18986.0,18986.0,1060045.338,9482291.896,610115.11,3440168.27,0.238,0.211,1.671,4.14,0.423,-0.689,8.627,21.853,8.94517579209428,I,1.1573832034646314,1.4007075220200575
MAX_IF43b-2_008_thumb0006-0620,58.576,492.149,27.498,180.346,58.0,510.0,26.0,152.0,24592.0,24592.0,24592.0,24592.0,1440500.992,12102928.208,676230.816,4435068.832,-0.016,0.025,2.948,4.426,-0.142,-0.557,20.22,26.921,8.401888145315487,I,1.0870892247160722,1.3802705576983825
MAX_IF43b-2_008_thumb0007-0792,51.94,500.77,34.708,173.846,53.0,514.0,31.0,147.0,20403.0,20403.0,20403.0,20403.0,1059731.82,10217210.31,708147.324,3546979.938,-0.286,0.061,3.006,3.847,-0.212,-0.796,12.934,22.14,9.641316904120139,I,1.2474543266070066,1.4044488298840776
MAX_IF43b-2_002_thumb0014-1050,28.538,333.235,5.454,147.86,28.0,364.0,5.0,136.0,28974.0,28974.0,28974.0,28974.0,826860.012,9655150.89,158024.196,4284095.64,0.422,-0.325,3.572,4.679,-0.052,-0.662,24.717,32.439,11.676886957740557,I,1.510829205345336,0.9345837526737237
MAX_IF43b-2_002_thumb0013-0777,42.6,357.176,26.43,169.035,41.0,366.0,23.0,142.0,27453.0,27453.0,27453.0,27453.0,1169497.8,9805552.728,725582.79,4640517.855,0.316,0.144,4.65,3.618,0.387,-0.613,29.123,19.106,8.384413145539906,I,1.0848281991430833,1.0017281691448676
MAX_IF43b-2_002_thumb0012-0700,64.477,847.203,18.183,183.923,61.0,792.0,16.0,153.0,21053.0,21053.0,21053.0,21053.0,1357434.281,17836164.759,382806.699,3872130.919,0.452,0.573,1.261,2.11,-0.3,-0.28,3.114,4.732,13.139615676908043,I,1.7000862630194844,2.376047411035566
MAX_IF43b-2_002_thumb0011-0631,39.737,355.455,22.801,164.871,37.0,370.0,22.0,143.0,23022.0,23022.0,23022.0,23022.0,914825.214,8183285.01,524924.622,3795660.162,0.601,-0.008,5.365,3.733,-0.332,-0.968,45.037,17.301,8.945189621763092,I,1.1573849928343165,0.9969014893592764
MAX_IF43b-2_007_thumb0006-0391,58.433,394.808,38.7,174.517,57.0,413.0,40.0,144.0,22355.0,22355.0,22355.0,22355.0,1306269.715,8825932.84,865138.5,3901327.535,0.055,0.106,0.701,3.972,-0.061,-0.777,3.571,19.074,6.7565930210668625,I,0.874210575284658,1.1072700713478703
MAX_IF43b-2_007_thumb0007-0370,50.494,356.912,33.352,173.731,49.0,372.0,33.0,139.0,12618.0,12618.0,12618.0,12618.0,637133.292,4503515.616,420835.536,2192137.758,0.344,0.193,1.563,4.339,0.161,-0.654,5.958,24.295,7.068404166831702,I,0.9145546659038983,1.000987760392168
MAX_IF43b-2_007_thumb0008-0443,48.503,441.534,34.393,177.814,48.0,474.0,35.0,143.0,9104.0,9104.0,9104.0,9104.0,441571.312,4019725.536,313113.872,1618818.656,-0.015,-0.184,1.237,4.442,-0.116,-0.96,5.798,24.971,9.103230727996205,I,1.1778333469038738,1.2383168114184882
MAX_IF43b-2_007_thumb0009-0536,47.635,317.596,19.091,160.129,46.0,336.0,20.0,143.0,30085.0,30085.0,30085.0,30085.0,1433098.975,9554875.66,574352.735,4817480.965,0.325,0.038,0.977,4.649,-0.252,-0.543,3.153,32.448,6.667282460375774,I,0.8626550122372297,0.8907229478120965
MAX_IF43b-2_007_thumb0010-0571,57.073,382.737,29.669,169.061,57.0,400.0,30.0,139.0,19214.0,19214.0,19214.0,19214.0,1096600.622,7353908.718,570060.166,3248338.054,-0.205,-0.002,1.793,4.493,-0.06,-0.866,8.179,27.473,6.70609570199569,I,0.8676769139825936,1.073416002962123
MAX_IF43b-2_007_thumb0011-0647,49.697,379.837,23.775,180.727,49.0,380.0,25.0,143.0,18056.0,18056.0,18056.0,18056.0,897329.032,6858336.872,429281.4,3263206.712,0.045,0.539,0.397,4.133,-0.284,0.157,4.35,21.769,7.643056924965289,I,0.9889068603768392,1.0652827249968617
MAX_IF43b-2_007_thumb0013-0775,50.828,360.338,28.816,172.192,50.0,364.0,28.0,141.0,21093.0,21093.0,21093.0,21093.0,1072115.004,7600609.434,607815.888,3632045.856,0.247,0.249,1.874,4.8,0.302,-0.701,6.103,30.085,7.089360195168018,I,0.9172660888844524,1.010596246705611
MAX_IF43b-2_007_thumb0014-0779,41.581,259.958,3.659,157.924,41.0,276.0,5.0,135.0,13684.0,13684.0,13684.0,13684.0,568994.404,3557265.272,50069.756,2161032.016,0.375,0.006,1.083,4.721,-0.008,-0.7,5.045,28.612,6.251845794954426,I,0.8089031989875705,0.7290726459632269
MAX_IF43b-2_007_thumb0015-0983,81.596,295.183,43.365,202.244,85.0,312.0,44.0,177.0,14096.0,14096.0,14096.0,14096.0,1150177.216,4160899.568,611273.04,2850831.424,-0.148,-0.038,0.203,1.475,-0.86,0.111,0.131,2.092,3.617616059610765,I,0.46806995874556584,0.8278639274550627
MAX_IF43b-2_002_thumb0001-0065,51.227,378.79,23.94,176.902,51.0,397.0,24.0,144.0,6953.0,6953.0,6953.0,6953.0,356181.331,2633726.87,166454.82,1229999.606,-0.29,-0.043,1.638,3.585,-0.233,0.156,7.19,16.031,7.394342827024812,I,0.9567266633509101,1.0623463311935417
MAX_IF43b-2_002_thumb0002-0096,61.864,398.897,17.261,173.648,59.0,402.0,17.0,141.0,7648.0,7648.0,7648.0,7648.0,473135.872,3050764.256,132012.128,1328059.904,0.353,0.043,1.833,5.847,-0.033,-0.797,8.298,45.61,6.447966507177034,I,0.8342785324023232,1.1187379932788883
MAX_IF43b-2_002_thumb0003-0155,58.524,393.998,25.233,173.564,59.0,399.0,24.0,144.0,12088.0,12088.0,12088.0,12088.0,707438.112,4762647.824,305016.504,2098041.632,-0.121,0.191,4.059,4.479,-0.04,-0.684,32.123,28.076,6.732246599685599,I,0.8710604818906242,1.1049983626748145
MAX_IF43b-2_002_thumb0006-0287,31.414,358.747,29.54,172.951,30.0,369.0,29.0,143.0,15681.0,15681.0,15681.0,15681.0,492602.934,5625511.707,463216.74,2712044.631,0.559,0.036,1.34,3.522,-0.1,-0.766,5.638,14.819,11.41997198701216,I,1.477587927728137,1.0061341621391522
MAX_IF43b-2_002_thumb0007-0384,62.637,433.836,42.407,205.481,62.0,453.0,40.0,165.0,17879.0,17879.0,17879.0,17879.0,1119886.923,7756553.844,758194.753,3673794.799,-0.0003,0.041,2.592,3.742,0.898,-0.985,11.203,16.691,6.926193783227166,I,0.8961545904702084,1.2167271652886331
MAX_IF43b-2_002_thumb0008-0450,50.029,347.182,17.389,177.756,49.0,360.0,17.0,152.0,29064.0,29064.0,29064.0,29064.0,1454042.856,10090497.648,505393.896,5166300.384,0.315,0.13,2.447,4.968,1.025,-0.707,15.112,38.419,6.9396150232864935,I,0.8978911150702124,0.9736992105294126
MAX_IF43b-2_008_thumb0010-1065,43.014,394.823,30.029,172.962,41.0,401.0,28.0,143.0,20012.0,20012.0,20012.0,20012.0,860796.168,7901197.876,600940.348,3461315.544,0.498,0.157,1.704,4.112,-0.219,-0.647,5.354,23.21,9.178941739898637,I,1.187629314644455,1.1073121400270007
MAX_IF43b-2_008_thumb0014-1314,27.336,291.478,-4.198,151.093,26.0,321.0,-5.0,133.0,6075.0,6075.0,6075.0,6075.0,166066.2,1770728.85,-25502.85,917889.975,0.825,-0.371,0.736,4.536,0.691,-0.586,2.88,29.004,10.662788996195493,I,1.3796188217106968,0.8174729637097894
MAX_IF43b-2_012_thumb0006-0464,85.331,443.095,39.878,168.492,83.0,455.0,40.0,143.0,25338.0,25338.0,25338.0,25338.0,2162116.878,11227141.11,1010428.764,4269250.296,0.363,0.027,5.14,3.954,0.102,-0.772,58.712,21.401,5.192661518088386,I,0.6718592638083404,1.2426947586266859
MAX_IF43b-2_003_thumb0013-0930,49.021,346.562,11.142,174.718,49.0,343.0,11.0,144.0,19179.0,19179.0,19179.0,19179.0,940173.759,6646712.598,213692.418,3350916.522,-0.014,0.173,1.371,3.637,0.247,-0.896,9.013,16.466,7.069664021541788,I,0.9147176738440607,0.9719603717920118
MAX_IF43b-2_003_thumb0002-0128,62.212,428.578,38.683,183.426,62.0,424.0,32.0,159.0,9776.0,9776.0,9776.0,9776.0,608184.512,4189778.528,378165.008,1793172.576,-0.108,0.317,3.254,3.768,0.104,-0.67,12.332,18.257,6.888992477335561,I,0.8913412511254472,1.2019806909640318
MAX_IF43b-2_003_thumb0003-0242,78.275,478.709,45.365,191.664,79.0,478.0,40.0,160.0,28283.0,28283.0,28283.0,28283.0,2213851.825,13539326.647,1283058.295,5420832.912,-0.104,0.262,2.147,4.416,-0.402,-0.499,6.338,28.154,6.115732992654103,I,0.7912920670411057,1.34257702119731
MAX_IF43b-2_003_thumb0004-0282,50.841,438.332,44.284,192.483,50.0,449.0,44.0,157.0,13592.0,13592.0,13592.0,13592.0,691030.872,5957808.544,601908.128,2616228.936,0.217,0.003,2.919,3.739,0.812,-0.641,16.467,18.876,8.621624279616844,I,1.1155200702294052,1.2293365507133964
MAX_IF43b-2_003_thumb0007-0504,63.575,497.116,46.057,188.615,64.0,506.0,44.0,157.0,18789.0,18789.0,18789.0,18789.0,1194510.675,9340312.524,865364.973,3543887.235,-0.161,0.059,2.298,4.767,0.14,-1.043,10.191,34.625,7.819362957137239,I,1.0117184456433526,1.3942008996478485
MAX_IF43b-2_003_thumb0008-0586,101.102,352.172,40.881,190.65,108.0,368.0,40.0,166.0,14011.0,14011.0,14011.0,14011.0,1416540.122,4934281.892,572783.691,2671197.15,-0.715,0.319,0.909,1.797,-0.274,0.44,1.163,3.673,3.483333663033372,I,0.45069565622408747,0.9876940577868791
MAX_IF43b-2_003_thumb0009-0724,62.175,543.801,25.24,192.982,63.0,538.0,24.0,154.0,29303.0,29303.0,29303.0,29303.0,1821914.025,15935000.703,739607.72,5654951.546,-0.14,0.284,2.234,5.529,0.079,-0.597,19.638,38.824,8.746296743063933,I,1.1316509790546678,1.5251326519955097
MAX_IF43b-2_003_thumb0012-0765,54.904,462.415,25.014,171.49,55.0,473.0,23.0,147.0,20442.0,20442.0,20442.0,20442.0,1122347.568,9452687.43,511336.188,3505598.58,-0.166,0.132,2.904,5.675,0.267,-0.863,12.316,49.485,8.422246102287628,I,1.089723265455354,1.2968792173469774
MAX_IF43b-2_007_thumb0002-0167,48.824,336.663,39.09,178.213,48.0,350.0,41.0,146.0,24483.0,24483.0,24483.0,24483.0,1195357.992,8242520.229,957040.47,4363188.879,0.202,0.083,0.743,4.567,-0.262,-0.618,3.378,27.009,6.895440766835983,I,0.8921755714487505,0.9441978481443842
MAX_IF43b-2_014_thumb0001-0583,14.353,68.791,7.166,126.059,15.0,67.0,8.0,122.0,30546.0,30546.0,30546.0,30546.0,438426.738,2101289.886,218892.636,3850598.214,0.304,0.207,0.174,3.486,-0.339,-0.985,-0.622,15.477,4.792795931164217,I,0.6201221348009285,0.19292976707182058
MAX_IF43b-2_003_thumb0015-1142,31.239,382.995,6.117,158.445,31.0,404.0,7.0,137.0,25109.0,25109.0,25109.0,25109.0,784380.051,9616621.455,153591.753,3978395.505,0.552,-0.12,2.139,4.189,0.047,-0.532,16.304,21.284,12.260155574762317,I,1.5862961739258363,1.0741395842431702
MAX_IF43b-2_003_thumb0016-1214,29.073,283.155,8.398,156.467,29.0,288.0,3.0,141.0,22578.0,22578.0,22578.0,22578.0,656410.194,6393073.59,189610.044,3532711.926,0.425,0.12,1.718,3.054,-0.156,-0.585,3.937,10.861,9.73944897327417,I,1.2601512719996824,0.7941304559494897
MAX_IF43b-2_012_thumb0001-0135,80.251,373.081,39.743,164.181,80.0,402.0,41.0,138.0,21824.0,21824.0,21824.0,21824.0,1751397.824,8142119.744,867351.232,3583086.144,-0.074,-0.068,1.256,4.322,-0.456,-0.714,6.168,24.534,4.648926493127812,I,0.6015074004518961,1.046334991916412
MAX_IF43b-2_012_thumb0002-0238,52.32,335.571,46.107,162.223,51.0,362.0,48.0,140.0,14034.0,14034.0,14034.0,14034.0,734258.88,4709403.414,647065.638,2276637.582,0.71,-0.178,0.821,3.719,0.744,-0.286,3.815,20.935,6.41381880733945,I,0.8298602878482139,0.9411352483036721
MAX_IF43b-2_012_thumb0003-0206,127.995,326.161,66.83,174.957,128.0,348.0,69.0,150.0,7225.0,7225.0,7225.0,7225.0,924763.875,2356513.225,482846.75,1264064.325,-0.117,0.099,0.366,2.659,-0.747,-0.362,-0.253,9.204,2.548232352826282,I,0.32970635706151946,0.914744163595704
MAX_IF43b-2_012_thumb0004-0275,127.16,302.489,67.861,175.452,130.0,320.0,68.0,151.0,6974.0,6974.0,6974.0,6974.0,886813.84,2109558.286,473262.614,1223602.248,-0.223,0.258,0.514,2.039,-0.617,-0.171,-0.134,4.79,2.378806228373702,I,0.30778493760290704,0.8483541787703033
MAX_IF43b-2_012_thumb0005-0391,54.024,360.126,32.412,159.687,52.0,378.0,33.0,136.0,14641.0,14641.0,14641.0,14641.0,790965.384,5272604.766,474544.092,2337977.367,0.895,0.082,0.35,3.828,1.049,-0.719,3.232,20.552,6.6660373167481115,I,0.8624939077095991,1.0100016760405641
MAX_IF43b-2_003_thumb0001-0119,42.288,492.412,42.328,191.417,42.0,486.0,42.0,159.0,12920.0,12920.0,12920.0,12920.0,546360.96,6361963.04,546877.76,2473107.64,0.351,0.261,0.77,3.738,0.421,-0.719,2.61,22.578,11.644248959515702,I,1.5066062954978245,1.3810081618724732
MAX_IF43b-2_011_thumb0012-1327,34.104,214.42,-20.036,156.758,33.0,227.0,-22.0,136.0,13623.0,13623.0,13623.0,13623.0,464598.792,2921043.66,-272950.428,2135514.234,0.701,-0.054,2.716,3.721,0.457,-0.443,22.707,19.291,6.287239033544452,I,0.8134825991930439,0.601357745279757
MAX_IF43b-2_011_thumb0007-0991,28.191,275.246,-2.23,153.705,28.0,293.0,-4.0,133.0,18886.0,18886.0,18886.0,18886.0,532415.226,5198295.956,-42115.78,2902872.63,0.67,-0.088,0.713,3.862,0.704,-0.749,1.41,17.606,9.763612500443404,I,1.2632777013882304,0.7719490437331965
MAX_IF43b-2_011_thumb0006-0878,58.762,329.988,5.941,169.096,58.0,340.0,4.0,138.0,18085.0,18085.0,18085.0,18085.0,1062710.77,5967832.98,107442.985,3058101.16,0.075,0.048,0.486,3.678,0.312,-0.457,1.273,17.933,5.615669990810388,I,0.7265907651930716,0.92547728593124
MAX_IF43b-2_014_thumb0003-0858,11.983,40.357,-3.529,127.707,13.0,42.0,-2.0,126.0,6734.0,6734.0,6734.0,6734.0,80693.522,271764.038,-23764.286,859978.938,0.091,-0.028,-0.007,0.972,-0.831,0.038,-0.869,0.456,3.3678544604856877,I,0.4357542294165447,0.11318437891173937
MAX_IF43b-2_014_thumb0004-1378,3.112,0.928,7.347,117.745,4.0,2.0,8.0,118.0,6931.0,6931.0,6931.0,6931.0,21569.272,6431.968,50922.057,816090.595,0.159,1.301,2.536,0.346,0.03,4.209,9.292,0.37,0.2982005141388175,I,0.03858306134506731,0.0026026489488835676
MAX_IF43b-2_005_thumb0001-0151,38.387,373.091,42.796,155.963,36.0,379.0,43.0,139.0,22373.0,22373.0,22373.0,22373.0,858832.351,8347164.943,957474.908,3489360.199,0.815,0.193,1.649,3.837,0.492,-0.68,8.612,20.078,9.719201813113814,I,1.2575315668499898,1.046363037702499
MAX_IF43b-2_005_thumb0003-0568,84.46,363.391,39.425,183.024,86.0,371.0,40.0,155.0,12763.0,12763.0,12763.0,12763.0,1077962.98,4637959.333,503181.275,2335935.312,-0.11,0.187,0.002,1.699,-0.849,-0.28,-0.701,3.101,4.302521903859816,I,0.5566873921546664,1.019158625198005
MAX_IF43b-2_005_thumb0004-0674,40.173,344.43,19.967,155.069,39.0,357.0,20.0,136.0,29005.0,29005.0,29005.0,29005.0,1165217.865,9990192.15,579142.835,4497776.345,0.619,0.011,1.562,5.43,0.767,-0.707,14.173,45.482,8.573668882084982,I,1.1093152987515882,0.9659810101982406
MAX_IF43b-2_005_thumb0005-0710,62.814,497.583,28.018,154.925,62.0,492.0,28.0,146.0,10856.0,10856.0,10856.0,10856.0,681908.784,5401761.048,304163.408,1681865.8,-0.235,0.244,1.897,2.113,-0.164,-0.738,9.225,5.369,7.92153023211386,I,1.0249374913893512,1.3955106378581166
MAX_IF43b-2_005_thumb0006-0889,46.261,375.03,4.33,163.291,46.0,361.0,5.0,136.0,17921.0,17921.0,17921.0,17921.0,829043.381,6720912.63,77597.93,2926338.011,-0.311,0.256,0.078,3.833,0.235,-0.843,0.448,18.426,8.106828646159832,I,1.048912567679633,1.051801115624789
MAX_IF43b-2_005_thumb0007-0886,31.878,246.845,0.4,156.505,29.0,244.0,1.0,133.0,16441.0,16441.0,16441.0,16441.0,524106.198,4058378.645,6576.4,2573098.705,1.244,0.246,0.28,3.345,2.217,-0.676,0.463,13.563,7.743428069515026,I,1.0018935114516068,0.6922962066672028
MAX_IF43b-2_005_thumb0008-1019,44.692,378.697,14.651,173.723,44.0,384.0,15.0,143.0,19200.0,19200.0,19200.0,19200.0,858086.4,7270982.4,281299.2,3335481.6,0.396,0.064,1.09,4.296,0.4,-0.612,6.009,23.212,8.473485187505593,I,1.0963529011350213,1.0620855053829314
MAX_IF43b-2_005_thumb0009-1226,36.665,319.435,1.368,159.729,35.0,326.0,1.0,137.0,16901.0,16901.0,16901.0,16901.0,619675.165,5398770.935,23120.568,2699579.829,0.259,0.169,1.209,3.376,0.013,-0.376,4.709,14.518,8.712259648165826,I,1.1272470452644994,0.8958805678735156
MAX_IF43b-2_005_thumb0010-1327,24.912,238.666,-1.12,146.268,24.0,251.0,0.0,131.0,21863.0,21863.0,21863.0,21863.0,544651.056,5217954.758,-24486.56,3197857.284,0.968,-0.159,-0.18,4.005,1.816,-0.499,0.659,21.325,9.580362877328195,I,1.2395677105770704,0.6693575582265577
MAX_IF43b-2_011_thumb0001-0380,43.268,382.391,24.237,164.096,43.0,395.0,22.0,135.0,21338.0,21338.0,21338.0,21338.0,923252.584,8159459.158,517169.106,3501480.448,-0.029,0.198,0.968,4.851,-0.263,-0.478,7.612,29.275,8.83773227327355,I,1.1434814840468697,1.072445618763509
MAX_IF43b-2_011_thumb0002-0391,95.34,502.797,33.748,192.223,96.0,497.0,30.0,148.0,9809.0,9809.0,9809.0,9809.0,935190.06,4931935.773,331034.132,1885515.407,-0.279,0.4,1.915,4.928,-0.204,-0.175,6.82,32.252,5.273725613593455,I,0.6823478472327756,1.4101337107239345
MAX_IF43b-2_011_thumb0003-0446,112.876,432.386,29.421,193.605,120.0,457.0,26.0,149.0,7697.0,7697.0,7697.0,7697.0,868806.572,3328075.042,226453.437,1490177.685,-0.595,0.05,2.635,4.011,-0.3,-0.655,16.722,20.507,3.8306283000815053,I,0.49563082451089735,1.2126605263060024
MAX_IF43b-2_011_thumb0005-0567,73.584,374.571,15.446,171.531,72.0,378.0,13.0,137.0,17155.0,17155.0,17155.0,17155.0,1262333.52,6425765.505,264976.13,2942614.305,0.244,0.025,0.896,4.518,0.44,-0.812,3.243,28.368,5.090386497064579,I,0.6586262771998982,1.050513814043391
MAX_IF43b-2_004_thumb0014-1206,22.496,289.358,0.155,145.23,21.0,304.0,0.0,132.0,26812.0,26812.0,26812.0,26812.0,603162.752,7758266.696,4155.86,3893906.76,0.603,-0.006,0.263,4.509,0.23,-0.612,0.25,26.6,12.862642247510669,I,1.6642496956404698,0.8115272570593226
